2019-M020,105453,106421,6-4 3-6 6-2,3,F,124.0,3.0,3.0,77.0,44.0,31.0,17.0,13.0,3.0,6.0,8.0,6.0,100.0,54.0,34.0,20.0,14.0,10.0,15.0,9.0,3590.0,16.0,1977.0
2019-M020,106421,104542,7-6(6) 6-2,3,SF,82.0,10.0,1.0,52.0,33.0,28.0,14.0,10.0,0.0,1.0,17.0,2.0,77.0,52.0,36.0,7.0,10.0,10.0,13.0,16.0,1977.0,239.0,200.0
2019-M020,105453,104871,6-2 6-2,3,SF,66.0,2.0,2.0,47.0,33.0,26.0,9.0,8.0,2.0,2.0,10.0,3.0,46.0,27.0,15.0,6.0,8.0,1.0,5.0,9.0,3590.0,40.0,1050.0
2019-M020,104542,200282,6-4 7-6(2),3,QF,106.0,12.0,2.0,68.0,43.0,34.0,15.0,11.0,4.0,5.0,1.0,2.0,81.0,60.0,38.0,9.0,11.0,4.0,6.0,239.0,200.0,31.0,1298.0
2019-M020,106421,105683,6-7(2) 6-3 6-4,3,QF,129.0,12.0,3.0,105.0,68.0,48.0,25.0,16.0,8.0,8.0,29.0,5.0,94.0,56.0,46.0,19.0,15.0,2.0,4.0,16.0,1977.0,18.0,1855.0
2019-M020,104871,106034,6-4 3-6 7-6(4),3,QF,127.0,10.0,8.0,94.0,58.0,44.0,18.0,16.0,4.0,8.0,12.0,6.0,90.0,54.0,40.0,18.0,15.0,6.0,9.0,40.0,1050.0,185.0,275.0
2019-M020,105453,105777,7-5 7-5,3,QF,100.0,5.0,2.0,59.0,47.0,37.0,9.0,12.0,0.0,1.0,8.0,5.0,80.0,53.0,37.0,13.0,12.0,6.0,9.0,9.0,3590.0,19.0,1835.0
2019-M020,104542,106121,7-6(5) 6-3,3,R16,100.0,11.0,3.0,64.0,37.0,30.0,11.0,10.0,4.0,7.0,3.0,7.0,85.0,51.0,34.0,11.0,11.0,6.0,11.0,239.0,200.0,77.0,691.0
2019-M020,200282,111442,6-4 6-2,3,R16,80.0,1.0,1.0,49.0,38.0,29.0,8.0,9.0,0.0,0.0,5.0,0.0,56.0,39.0,30.0,3.0,9.0,3.0,6.0,31.0,1298.0,72.0,715.0
2019-M020,106421,104918,7-5 6-2,3,R16,81.0,16.0,2.0,54.0,34.0,27.0,13.0,10.0,0.0,1.0,6.0,1.0,60.0,39.0,27.0,7.0,10.0,2.0,6.0,16.0,1977.0,240.0,200.0
2019-M020,105683,200175,6-3 7-6(2),3,R16,82.0,21.0,3.0,62.0,46.0,40.0,10.0,11.0,0.0,0.0,3.0,0.0,71.0,44.0,28.0,18.0,10.0,2.0,3.0,18.0,1855.0,131.0,433.0
2019-M020,104871,106401,6-7(5) 6-2 6-3,3,R16,99.0,17.0,5.0,84.0,58.0,50.0,17.0,15.0,2.0,2.0,13.0,6.0,80.0,59.0,48.0,10.0,14.0,2.0,5.0,40.0,1050.0,35.0,1125.0
2019-M020,106034,106378,7-6(6) 6-4,3,R16,93.0,15.0,0.0,75.0,48.0,41.0,14.0,11.0,3.0,3.0,7.0,1.0,75.0,50.0,35.0,14.0,11.0,1.0,2.0,185.0,275.0,14.0,2150.0
2019-M020,105777,105357,6-3 6-4,3,R16,88.0,6.0,2.0,63.0,35.0,27.0,13.0,10.0,2.0,4.0,1.0,1.0,55.0,37.0,18.0,10.0,9.0,3.0,7.0,19.0,1835.0,38.0,1083.0
2019-M020,105453,106045,7-5 6-2,3,R16,79.0,7.0,2.0,56.0,32.0,27.0,15.0,10.0,0.0,0.0,5.0,3.0,60.0,36.0,26.0,8.0,10.0,4.0,7.0,9.0,3590.0,63.0,810.0
2019-M020,104542,106423,7-6(6) 6-4,3,R32,102.0,11.0,1.0,76.0,41.0,33.0,20.0,11.0,2.0,3.0,3.0,0.0,61.0,46.0,34.0,10.0,11.0,1.0,3.0,239.0,200.0,146.0,367.0
2019-M020,111442,106109,6-3 6-0,3,R32,77.0,1.0,2.0,42.0,29.0,23.0,7.0,8.0,0.0,1.0,1.0,3.0,64.0,33.0,17.0,12.0,7.0,8.0,13.0,72.0,715.0,154.0,352.0
2019-M020,200282,200615,6-2 6-2,3,R32,60.0,1.0,2.0,43.0,28.0,25.0,6.0,8.0,3.0,4.0,5.0,5.0,49.0,31.0,18.0,4.0,8.0,4.0,9.0,31.0,1298.0,147.0,367.0
2019-M020,104918,105902,6-3 6-4,3,R32,88.0,6.0,4.0,66.0,39.0,28.0,16.0,10.0,4.0,5.0,8.0,2.0,56.0,34.0,23.0,9.0,9.0,1.0,4.0,240.0,200.0,234.0,206.0
2019-M020,200175,104919,6-3 6-1,3,R32,61.0,5.0,2.0,45.0,25.0,22.0,12.0,8.0,1.0,1.0,6.0,2.0,49.0,29.0,18.0,7.0,8.0,4.0,8.0,131.0,433.0,56.0,895.0
2019-M020,105683,105379,6-0 6-3,3,R32,47.0,18.0,0.0,38.0,29.0,27.0,5.0,8.0,0.0,0.0,4.0,1.0,43.0,30.0,16.0,2.0,7.0,4.0,8.0,18.0,1855.0,67.0,780.0
2019-M020,106401,105992,7-6(5) 5-7 7-6(5),3,R32,128.0,44.0,3.0,119.0,80.0,63.0,24.0,18.0,1.0,2.0,27.0,3.0,113.0,77.0,60.0,24.0,18.0,5.0,5.0,35.0,1125.0,62.0,810.0
2019-M020,104871,105526,4-6 6-3 6-4,3,R32,99.0,15.0,4.0,87.0,52.0,40.0,21.0,15.0,2.0,3.0,10.0,2.0,74.0,41.0,32.0,22.0,14.0,4.0,6.0,40.0,1050.0,57.0,875.0
2019-M020,106034,200005,6-4 7-6(6),3,R32,90.0,12.0,0.0,58.0,43.0,39.0,10.0,11.0,0.0,0.0,6.0,4.0,75.0,45.0,35.0,14.0,11.0,0.0,1.0,185.0,275.0,102.0,572.0
2019-M020,105777,106415,6-3 6-4,3,R32,79.0,9.0,6.0,76.0,43.0,37.0,12.0,10.0,6.0,7.0,1.0,1.0,47.0,33.0,21.0,7.0,9.0,0.0,3.0,19.0,1835.0,75.0,701.0
2019-M020,105357,105815,7-6(6) 6-7(6) 6-0,3,R32,153.0,8.0,2.0,98.0,68.0,49.0,15.0,15.0,3.0,5.0,12.0,4.0,106.0,63.0,44.0,20.0,15.0,13.0,18.0,38.0,1083.0,61.0,814.0
2019-M020,106045,126203,7-6(5) 6-7(2) 6-4,3,R32,144.0,8.0,4.0,117.0,73.0,58.0,26.0,17.0,4.0,4.0,22.0,4.0,123.0,72.0,57.0,27.0,17.0,9.0,10.0,63.0,810.0,49.0,974.0
2019-M020,215018,201540,6-3 7-6(2),3,R32,108.0,4.0,3.0,93.0,60.0,44.0,17.0,11.0,9.0,9.0,5.0,4.0,69.0,34.0,27.0,18.0,10.0,4.0,5.0,247.0,226.0,43.0,1155.0
2019-M020,211279,211880,1-6 6-3 6-4,3,R32,120.0,2.0,2.0,86.0,48.0,29.0,17.0,13.0,11.0,17.0,8.0,1.0,80.0,44.0,33.0,12.0,13.0,3.0,9.0,149.0,392.0,157.0,371.0
2019-M020,201545,201611,6-3 6-3,3,R32,83.0,3.0,2.0,49.0,26.0,22.0,11.0,9.0,0.0,2.0,2.0,4.0,72.0,46.0,22.0,13.0,9.0,4.0,9.0,11.0,3240.0,35.0,1335.0
2019-M020,201520,203389,6-7(6) 7-6(6) 6-3,3,R32,181.0,9.0,8.0,117.0,75.0,51.0,20.0,16.0,6.0,9.0,7.0,4.0,123.0,58.0,37.0,34.0,17.0,6.0,11.0,7.0,4630.0,36.0,1319.0
2019-M020,204426,201521,6-0 6-3,3,R32,52.0,5.0,1.0,48.0,33.0,25.0,9.0,8.0,1.0,1.0,2.0,1.0,38.0,24.0,15.0,4.0,7.0,3.0,7.0,20.0,2480.0,23.0,2153.0
2019-M020,201615,202596,6-0 6-2,3,R32,57.0,2.0,2.0,40.0,26.0,21.0,10.0,7.0,0.0,0.0,1.0,5.0,45.0,23.0,13.0,5.0,7.0,2.0,7.0,27.0,1755.0,24.0,1820.0
2019-M020,214040,214082,5-7 6-4 7-6(3),3,R32,186.0,2.0,7.0,114.0,63.0,45.0,21.0,17.0,7.0,12.0,8.0,10.0,132.0,63.0,45.0,31.0,17.0,20.0,25.0,283.0,170.0,10.0,3415.0
2019-M020,201662,201709,4-6 6-3 6-4,3,R32,137.0,11.0,2.0,91.0,63.0,47.0,12.0,15.0,2.0,5.0,4.0,2.0,101.0,74.0,41.0,15.0,14.0,6.0,10.0,8.0,4465.0,44.0,1145.0
2019-M020,213631,201325,4-6 6-2 6-2,3,R32,132.0,4.0,3.0,74.0,43.0,35.0,15.0,13.0,3.0,5.0,10.0,2.0,96.0,59.0,40.0,15.0,13.0,6.0,11.0,139.0,431.0,74.0,800.0
2019-M020,201548,211701,1-6 6-3 6-0,3,R32,90.0,4.0,4.0,63.0,40.0,28.0,9.0,11.0,4.0,8.0,5.0,6.0,74.0,42.0,28.0,8.0,11.0,3.0,9.0,46.0,1082.0,31.0,1492.0
2019-M020,202427,201585,6-4 6-3,3,R32,112.0,2.0,0.0,76.0,55.0,32.0,12.0,10.0,4.0,6.0,2.0,3.0,68.0,44.0,23.0,13.0,9.0,6.0,10.0,37.0,1300.0,6.0,5023.0
2019-M020,202428,210722,6-2 6-7(6) 6-4,3,R32,149.0,7.0,7.0,97.0,55.0,39.0,22.0,15.0,8.0,11.0,3.0,2.0,112.0,69.0,37.0,23.0,15.0,7.0,13.0,9.0,4335.0,12.0,3165.0
2019-M020,202499,201517,6-1 6-2,3,R32,66.0,6.0,4.0,49.0,28.0,23.0,11.0,8.0,0.0,0.0,1.0,2.0,51.0,33.0,16.0,8.0,7.0,4.0,8.0,34.0,1455.0,48.0,1056.0
2019-M020,205925,215713,6-4 7-5,3,R32,94.0,8.0,6.0,79.0,42.0,33.0,13.0,11.0,6.0,9.0,3.0,5.0,72.0,35.0,19.0,19.0,11.0,4.0,9.0,30.0,1570.0,93.0,648.0
2019-M020,211768,215018,6-3 6-2,3,R16,68.0,9.0,1.0,65.0,43.0,31.0,12.0,9.0,6.0,6.0,0.0,4.0,45.0,26.0,17.0,9.0,8.0,2.0,5.0,5.0,5115.0,247.0,226.0
2019-M020,201545,211279,6-2 6-0,3,R16,56.0,3.0,0.0,38.0,21.0,17.0,12.0,7.0,2.0,2.0,2.0,2.0,48.0,22.0,10.0,11.0,7.0,6.0,11.0,11.0,3240.0,149.0,392.0
2019-M020,204426,201520,7-5 7-6(1),3,R16,98.0,0.0,0.0,72.0,63.0,42.0,7.0,12.0,3.0,5.0,5.0,7.0,68.0,40.0,30.0,11.0,12.0,2.0,5.0,20.0,2480.0,7.0,4630.0
2019-M020,201615,214040,6-4 6-3,3,R16,86.0,5.0,3.0,64.0,43.0,27.0,12.0,10.0,8.0,11.0,0.0,4.0,54.0,35.0,19.0,7.0,9.0,3.0,8.0,27.0,1755.0,283.0,170.0
2019-M020,201662,213631,7-5 6-2,3,R16,81.0,3.0,1.0,58.0,31.0,24.0,13.0,10.0,0.0,2.0,0.0,1.0,51.0,27.0,15.0,10.0,10.0,1.0,6.0,8.0,4465.0,139.0,431.0
2019-M020,201548,202427,6-2 7-6(2),3,R16,105.0,8.0,3.0,69.0,48.0,32.0,9.0,10.0,3.0,6.0,5.0,3.0,82.0,60.0,31.0,8.0,10.0,8.0,13.0,46.0,1082.0,37.0,1300.0
2019-M020,202499,202428,7-6(5) 1-6 7-5,3,R16,142.0,2.0,8.0,105.0,70.0,50.0,11.0,15.0,7.0,12.0,11.0,6.0,105.0,62.0,42.0,21.0,16.0,5.0,9.0,34.0,1455.0,9.0,4335.0
2019-M020,205925,202494,6-4 0-6 6-3,3,R16,107.0,3.0,7.0,78.0,40.0,26.0,19.0,12.0,4.0,8.0,11.0,2.0,88.0,50.0,33.0,18.0,13.0,9.0,13.0,30.0,1570.0,4.0,5350.0
2019-M020,211768,201545,3-6 6-0 6-4,3,QF,91.0,11.0,1.0,73.0,51.0,38.0,12.0,13.0,3.0,5.0,4.0,4.0,61.0,31.0,19.0,16.0,12.0,0.0,4.0,5.0,5115.0,11.0,3240.0
2019-M020,201615,204426,7-5 6-3,3,QF,90.0,2.0,1.0,58.0,42.0,33.0,8.0,10.0,3.0,4.0,2.0,2.0,85.0,56.0,33.0,15.0,11.0,5.0,9.0,27.0,1755.0,20.0,2480.0
2019-M020,201662,201548,6-1 1-6 6-1,3,QF,83.0,14.0,1.0,59.0,37.0,28.0,11.0,11.0,3.0,5.0,1.0,7.0,71.0,39.0,22.0,16.0,10.0,6.0,10.0,8.0,4465.0,46.0,1082.0
2019-M020,202499,205925,6-2 6-0,3,QF,56.0,3.0,1.0,43.0,23.0,16.0,13.0,7.0,0.0,0.0,2.0,0.0,35.0,18.0,7.0,6.0,7.0,0.0,5.0,34.0,1455.0,30.0,1570.0
2019-M020,201615,211768,6-2 6-4,3,SF,65.0,6.0,2.0,54.0,41.0,33.0,6.0,9.0,2.0,2.0,8.0,2.0,52.0,28.0,21.0,10.0,9.0,3.0,6.0,27.0,1755.0,5.0,5115.0
2019-M020,201662,202499,6-3 6-4,3,SF,80.0,3.0,4.0,61.0,43.0,32.0,8.0,10.0,4.0,6.0,4.0,7.0,62.0,37.0,23.0,9.0,9.0,6.0,10.0,8.0,4465.0,34.0,1455.0
2019-M020,201662,201615,4-6 7-5 6-2,3,F,132.0,1.0,5.0,89.0,55.0,40.0,13.0,15.0,2.0,6.0,6.0,2.0,86.0,56.0,35.0,13.0,15.0,4.0,10.0,8.0,4465.0,27.0,1755.0
2019-M020,106034,106216,7-6(5) 6-4,3,Q1,81.0,8.0,1.0,63.0,44.0,34.0,10.0,11.0,2.0,4.0,10.0,2.0,65.0,37.0,28.0,14.0,11.0,5.0,8.0,185.0,275.0,136.0,421.0
2019-M020,117360,124187,6-3 6-7(1) 7-6(3),3,Q1,157.0,2.0,6.0,110.0,65.0,45.0,29.0,17.0,4.0,6.0,20.0,5.0,112.0,65.0,49.0,23.0,16.0,4.0,7.0,166.0,318.0,99.0,590.0
2019-M020,106423,105166,6-3 6-4,3,Q1,79.0,8.0,0.0,56.0,36.0,29.0,13.0,10.0,1.0,1.0,4.0,4.0,63.0,44.0,31.0,7.0,9.0,5.0,7.0,146.0,367.0,119.0,482.0
2019-M020,106426,106331,6-4 6-4,3,Q1,81.0,8.0,3.0,75.0,48.0,37.0,12.0,10.0,7.0,7.0,12.0,1.0,55.0,33.0,28.0,9.0,10.0,2.0,4.0,84.0,650.0,,
2019-M020,200175,105974,6-2 6-0,3,Q1,55.0,3.0,2.0,53.0,34.0,25.0,10.0,7.0,5.0,5.0,3.0,2.0,44.0,21.0,12.0,7.0,7.0,3.0,8.0,131.0,433.0,297.0,125.0
2019-M020,106121,105441,3-6 6-4 6-4,3,Q1,119.0,3.0,4.0,102.0,64.0,48.0,17.0,15.0,4.0,6.0,5.0,2.0,78.0,53.0,40.0,13.0,14.0,5.0,7.0,77.0,691.0,193.0,264.0
2019-M020,200005,134329,6-4 6-3,3,Q1,66.0,7.0,3.0,53.0,33.0,31.0,10.0,10.0,0.0,0.0,9.0,3.0,56.0,37.0,25.0,11.0,9.0,6.0,8.0,102.0,572.0,352.0,59.0
2019-M020,111153,105614,3-6 6-4 7-6(6),3,Q1,109.0,11.0,4.0,95.0,61.0,46.0,19.0,16.0,5.0,7.0,7.0,4.0,84.0,59.0,45.0,15.0,15.0,0.0,1.0,170.0,307.0,76.0,699.0
2019-M020,106034,117360,6-2 6-2,3,Q2,63.0,16.0,1.0,43.0,29.0,26.0,9.0,8.0,3.0,3.0,0.0,3.0,51.0,28.0,18.0,8.0,8.0,5.0,9.0,185.0,275.0,166.0,318.0
2019-M020,106423,106426,6-2 6-4,3,Q2,74.0,12.0,1.0,48.0,31.0,28.0,10.0,9.0,2.0,2.0,5.0,6.0,59.0,33.0,22.0,11.0,9.0,1.0,4.0,146.0,367.0,84.0,650.0
2019-M020,200175,106121,7-5 6-7(9) 6-3,3,Q2,127.0,13.0,4.0,102.0,64.0,52.0,25.0,17.0,2.0,3.0,5.0,3.0,96.0,55.0,43.0,22.0,16.0,0.0,3.0,131.0,433.0,77.0,691.0
2019-M020,200005,111153,6-2 6-3,3,Q2,55.0,6.0,1.0,41.0,30.0,28.0,8.0,9.0,0.0,0.0,6.0,4.0,48.0,23.0,15.0,12.0,8.0,2.0,5.0,102.0,572.0,170.0,307.0
2019-M020,216146,201586,6-7(3) 6-2 6-3,3,Q1,,8.0,6.0,109.0,60.0,37.0,21.0,15.0,6.0,12.0,0.0,6.0,103.0,59.0,33.0,15.0,14.0,10.0,19.0,119.0,493.0,91.0,665.0
2019-M020,213631,202424,7-5 6-4,3,Q1,,6.0,6.0,66.0,43.0,33.0,10.0,11.0,3.0,5.0,1.0,8.0,82.0,53.0,35.0,10.0,11.0,6.0,10.0,139.0,431.0,150.0,387.0
2019-M020,203530,206362,6-3 6-0,3,Q1,,0.0,1.0,44.0,27.0,19.0,8.0,7.0,1.0,2.0,0.0,8.0,44.0,19.0,9.0,6.0,8.0,2.0,8.0,104.0,586.0,303.0,149.0
2019-M020,211684,211095,6-4 6-4,3,Q1,,5.0,7.0,61.0,35.0,24.0,13.0,10.0,2.0,5.0,2.0,7.0,63.0,36.0,24.0,8.0,10.0,5.0,10.0,160.0,363.0,69.0,829.0
2019-M020,203462,213530,6-4 6-4,3,Q1,,4.0,2.0,62.0,39.0,31.0,12.0,10.0,3.0,4.0,6.0,4.0,66.0,48.0,31.0,8.0,10.0,3.0,6.0,98.0,625.0,158.0,371.0
2019-M020,211279,214452,6-0 6-2,3,Q1,,4.0,0.0,43.0,25.0,20.0,11.0,7.0,4.0,4.0,3.0,5.0,42.0,24.0,13.0,3.0,7.0,1.0,6.0,149.0,392.0,126.0,470.0
2019-M020,201556,215337,6-4 6-3,3,Q1,,4.0,6.0,58.0,29.0,27.0,13.0,10.0,2.0,3.0,1.0,4.0,59.0,35.0,21.0,12.0,9.0,8.0,11.0,605.0,24.0,108.0,536.0
2019-M020,201492,214863,6-2 3-6 6-2,3,Q1,,1.0,2.0,82.0,54.0,35.0,14.0,12.0,8.0,11.0,0.0,7.0,84.0,56.0,35.0,9.0,13.0,5.0,11.0,64.0,899.0,116.0,499.0
2019-M020,215713,202484,5-7 6-3 6-2,3,Q1,,9.0,1.0,99.0,54.0,34.0,28.0,15.0,7.0,10.0,4.0,3.0,114.0,81.0,46.0,17.0,14.0,9.0,14.0,93.0,648.0,123.0,476.0
2019-M020,211941,201518,4-6 6-3 6-2,3,Q1,,11.0,3.0,95.0,55.0,41.0,17.0,14.0,5.0,8.0,1.0,2.0,72.0,52.0,27.0,12.0,13.0,6.0,11.0,220.0,267.0,122.0,476.0
2019-M020,214096,211878,6-2 6-2,3,Q1,,3.0,1.0,47.0,33.0,28.0,6.0,8.0,0.0,0.0,1.0,2.0,45.0,34.0,19.0,5.0,8.0,1.0,5.0,144.0,414.0,233.0,244.0
2019-M020,215035,201478,3-6 6-1 6-4,3,Q1,,5.0,6.0,87.0,43.0,27.0,20.0,13.0,4.0,9.0,1.0,6.0,83.0,46.0,23.0,16.0,13.0,3.0,10.0,58.0,967.0,129.0,467.0
2019-M020,201605,201597,3-6 6-1 7-6(9),3,Q1,,3.0,3.0,96.0,58.0,45.0,18.0,14.0,7.0,10.0,0.0,1.0,88.0,59.0,40.0,13.0,14.0,1.0,5.0,103.0,601.0,161.0,362.0
2019-M020,215018,201447,6-3 6-4,3,Q1,,5.0,4.0,59.0,32.0,22.0,15.0,10.0,4.0,6.0,1.0,3.0,69.0,42.0,24.0,11.0,9.0,6.0,10.0,247.0,226.0,356.0,105.0
2019-M020,202600,206108,4-6 7-6(8) 6-2,3,Q1,,1.0,5.0,110.0,63.0,36.0,26.0,15.0,9.0,14.0,7.0,1.0,112.0,73.0,45.0,14.0,15.0,7.0,13.0,156.0,371.0,115.0,504.0
2019-M020,201539,202434,6-3 6-0,3,Q1,,5.0,3.0,67.0,45.0,33.0,8.0,8.0,3.0,4.0,0.0,2.0,46.0,30.0,12.0,8.0,7.0,3.0,8.0,151.0,385.0,55.0,985.0
2019-M020,213631,216146,6-3 6-1,3,Q2,64.0,1.0,2.0,45.0,27.0,17.0,9.0,8.0,2.0,5.0,1.0,7.0,59.0,38.0,16.0,6.0,8.0,8.0,15.0,139.0,431.0,119.0,493.0
2019-M020,203530,211684,6-4 6-4,3,Q2,79.0,0.0,4.0,59.0,38.0,24.0,12.0,10.0,3.0,6.0,6.0,2.0,67.0,37.0,22.0,15.0,10.0,3.0,8.0,104.0,586.0,160.0,363.0
2019-M020,211279,203462,2-6 6-1 7-6(7),3,Q2,146.0,1.0,5.0,112.0,62.0,39.0,19.0,14.0,8.0,15.0,2.0,4.0,100.0,67.0,34.0,14.0,13.0,7.0,14.0,149.0,392.0,98.0,625.0
2019-M020,201492,201556,6-1 6-1,3,Q2,42.0,1.0,0.0,33.0,22.0,22.0,6.0,7.0,0.0,0.0,1.0,2.0,40.0,19.0,8.0,7.0,7.0,0.0,5.0,64.0,899.0,605.0,24.0
2019-M020,215713,211941,6-3 4-6 7-5,3,Q2,111.0,9.0,3.0,90.0,51.0,38.0,21.0,15.0,6.0,9.0,4.0,2.0,104.0,55.0,34.0,24.0,16.0,5.0,10.0,93.0,648.0,220.0,267.0
2019-M020,214096,215035,6-2 5-1 RET,3,Q2,57.0,4.0,0.0,32.0,19.0,16.0,12.0,7.0,0.0,0.0,0.0,3.0,46.0,31.0,15.0,6.0,7.0,1.0,5.0,144.0,414.0,58.0,967.0
2019-M020,215018,201605,6-7(4) 6-2 7-6(7),3,Q2,149.0,8.0,5.0,134.0,89.0,63.0,22.0,16.0,11.0,13.0,7.0,4.0,113.0,74.0,52.0,17.0,16.0,4.0,8.0,247.0,226.0,103.0,601.0
2019-M020,201539,202600,6-4 6-3,3,Q2,85.0,2.0,2.0,72.0,50.0,33.0,12.0,9.0,10.0,11.0,2.0,4.0,64.0,44.0,29.0,7.0,10.0,0.0,4.0,151.0,385.0,156.0,371.0
2019-M020,213631,203530,4-6 6-1 6-2,3,Q3,124.0,3.0,4.0,84.0,48.0,31.0,22.0,13.0,5.0,8.0,0.0,9.0,100.0,62.0,29.0,21.0,12.0,11.0,17.0,139.0,431.0,104.0,586.0
2019-M020,211279,201492,7-5 6-2,3,Q3,80.0,4.0,2.0,68.0,45.0,33.0,11.0,10.0,6.0,7.0,0.0,5.0,60.0,42.0,28.0,5.0,10.0,3.0,7.0,149.0,392.0,64.0,899.0
2019-M020,215713,214096,1-6 7-6(5) 6-0,3,Q3,114.0,3.0,9.0,102.0,59.0,33.0,21.0,13.0,6.0,11.0,3.0,2.0,88.0,53.0,32.0,15.0,12.0,5.0,10.0,93.0,648.0,144.0,414.0
2019-M020,215018,201539,7-5 6-1,3,Q3,81.0,7.0,3.0,61.0,36.0,28.0,16.0,10.0,2.0,3.0,2.0,3.0,68.0,46.0,27.0,11.0,9.0,9.0,13.0,247.0,226.0,151.0,385.0
2019-0451,105138,104607,6-4 3-6 6-3,3,F,115.0,5.0,0.0,85.0,60.0,43.0,16.0,14.0,5.0,6.0,3.0,3.0,82.0,51.0,39.0,16.0,14.0,6.0,8.0,24.0,1605.0,71.0,715.0
2019-0451,105138,104925,3-6 7-6(6) 6-4,3,SF,155.0,7.0,0.0,88.0,66.0,52.0,11.0,15.0,2.0,4.0,9.0,3.0,114.0,72.0,48.0,27.0,16.0,6.0,8.0,24.0,1605.0,1.0,9045.0
2019-0451,104607,106065,7-6(6) 6-3,3,SF,89.0,12.0,0.0,64.0,41.0,31.0,18.0,11.0,2.0,3.0,5.0,4.0,82.0,51.0,33.0,17.0,10.0,7.0,9.0,71.0,715.0,20.0,1819.0
2019-0451,104925,105932,4-6 6-3 6-4,3,QF,116.0,7.0,3.0,86.0,57.0,41.0,15.0,15.0,3.0,6.0,4.0,3.0,82.0,54.0,39.0,12.0,14.0,3.0,7.0,1.0,9045.0,21.0,1795.0
2019-0451,105138,104527,6-4 6-4,3,QF,105.0,2.0,1.0,70.0,53.0,39.0,8.0,10.0,3.0,3.0,7.0,0.0,86.0,51.0,32.0,18.0,10.0,12.0,14.0,24.0,1605.0,66.0,785.0
2019-0451,106065,105583,7-6(2) 6-2,3,QF,73.0,4.0,0.0,59.0,47.0,36.0,9.0,10.0,2.0,2.0,6.0,1.0,60.0,46.0,33.0,6.0,10.0,5.0,7.0,20.0,1819.0,48.0,985.0
2019-0451,104607,105732,6-2 6-4,3,QF,71.0,6.0,0.0,48.0,32.0,29.0,8.0,9.0,2.0,2.0,5.0,2.0,66.0,44.0,27.0,11.0,9.0,3.0,6.0,71.0,715.0,55.0,903.0
2019-0451,104925,105916,4-6 6-4 6-1,3,R16,120.0,5.0,1.0,75.0,53.0,39.0,13.0,14.0,2.0,4.0,6.0,3.0,85.0,53.0,33.0,16.0,13.0,2.0,6.0,1.0,9045.0,36.0,1122.0
2019-0451,105932,126094,6-3 6-4,3,R16,61.0,8.0,8.0,60.0,36.0,31.0,8.0,10.0,2.0,4.0,6.0,4.0,51.0,28.0,19.0,8.0,9.0,0.0,4.0,21.0,1795.0,68.0,760.0
2019-0451,104527,111797,6-4 7-6(3),3,R16,88.0,5.0,1.0,61.0,30.0,28.0,20.0,11.0,0.0,0.0,9.0,3.0,70.0,47.0,38.0,11.0,11.0,5.0,6.0,66.0,785.0,43.0,1022.0
2019-0451,105138,104198,6-1 6-4,3,R16,70.0,2.0,0.0,49.0,33.0,25.0,11.0,9.0,3.0,4.0,2.0,4.0,49.0,32.0,20.0,3.0,8.0,3.0,7.0,24.0,1605.0,105.0,543.0
2019-0451,105583,105575,7-6(4) 0-6 7-5,3,R16,131.0,8.0,2.0,100.0,73.0,48.0,12.0,15.0,7.0,12.0,4.0,2.0,98.0,61.0,45.0,16.0,15.0,4.0,7.0,48.0,985.0,116.0,507.0
2019-0451,106065,105550,W/O,3,R16,,,,,,,,,,,,,,,,,,,,20.0,1819.0,58.0,860.0
2019-0451,104607,104269,4-6 6-3 7-5,3,R16,133.0,3.0,2.0,89.0,59.0,44.0,15.0,16.0,2.0,5.0,9.0,3.0,113.0,75.0,50.0,16.0,15.0,10.0,14.0,71.0,715.0,28.0,1410.0
2019-0451,105732,109739,6-3 6-7(6) 7-6(6),3,R16,149.0,9.0,2.0,110.0,73.0,57.0,25.0,17.0,2.0,2.0,14.0,3.0,108.0,73.0,56.0,22.0,16.0,5.0,6.0,55.0,903.0,74.0,706.0
2019-0451,104925,106000,6-1 6-2,3,R32,55.0,3.0,2.0,42.0,26.0,21.0,11.0,8.0,0.0,0.0,0.0,2.0,48.0,26.0,17.0,5.0,7.0,4.0,8.0,1.0,9045.0,47.0,985.0
2019-0451,105916,105657,6-3 6-2,3,R32,72.0,1.0,2.0,54.0,32.0,24.0,15.0,8.0,8.0,8.0,0.0,3.0,53.0,34.0,20.0,8.0,9.0,6.0,10.0,36.0,1122.0,60.0,823.0
2019-0451,126094,104312,7-5 6-1,3,R32,75.0,10.0,3.0,59.0,30.0,22.0,18.0,10.0,3.0,5.0,5.0,2.0,61.0,35.0,22.0,8.0,9.0,7.0,12.0,68.0,760.0,37.0,1106.0
2019-0451,105932,105077,6-1 1-6 6-1,3,R32,98.0,9.0,3.0,66.0,33.0,27.0,16.0,11.0,2.0,4.0,5.0,2.0,77.0,47.0,26.0,14.0,10.0,8.0,12.0,21.0,1795.0,65.0,790.0
2019-0451,104527,111575,7-6(7) 6-4,3,R32,102.0,7.0,1.0,86.0,49.0,36.0,22.0,11.0,4.0,4.0,6.0,0.0,67.0,46.0,36.0,13.0,11.0,2.0,3.0,66.0,785.0,11.0,2835.0
2019-0451,111797,104898,6-7(7) 6-4 7-6(4),3,R32,158.0,12.0,1.0,124.0,87.0,59.0,24.0,17.0,7.0,9.0,12.0,5.0,107.0,74.0,54.0,19.0,17.0,4.0,7.0,43.0,1022.0,50.0,965.0
2019-0451,104198,122570,6-1 6-3,3,R32,61.0,1.0,0.0,40.0,27.0,22.0,12.0,8.0,3.0,3.0,6.0,2.0,57.0,30.0,17.0,11.0,8.0,6.0,10.0,105.0,543.0,,
2019-0451,105138,126610,6-1 6-4,3,R32,69.0,3.0,2.0,51.0,34.0,27.0,12.0,9.0,2.0,2.0,4.0,1.0,45.0,28.0,17.0,7.0,8.0,0.0,3.0,24.0,1605.0,54.0,932.0
2019-0451,105575,105676,3-6 6-4 7-6(4),3,R32,138.0,6.0,3.0,104.0,66.0,44.0,21.0,15.0,3.0,5.0,11.0,2.0,109.0,70.0,47.0,21.0,16.0,5.0,7.0,116.0,507.0,22.0,1785.0
2019-0451,105583,105173,6-3 7-6(5),3,R32,95.0,3.0,1.0,77.0,58.0,40.0,9.0,11.0,6.0,8.0,3.0,2.0,61.0,38.0,26.0,11.0,10.0,2.0,5.0,48.0,985.0,42.0,1045.0
2019-0451,105550,117356,7-6(1) 6-3,3,R32,107.0,5.0,1.0,66.0,48.0,36.0,11.0,11.0,0.0,2.0,3.0,1.0,82.0,53.0,32.0,12.0,10.0,6.0,9.0,58.0,860.0,249.0,183.0
2019-0451,106065,104660,6-4 6-2,3,R32,82.0,5.0,3.0,56.0,42.0,35.0,6.0,9.0,1.0,1.0,6.0,3.0,79.0,58.0,34.0,9.0,9.0,8.0,11.0,20.0,1819.0,134.0,424.0
2019-0451,104269,103893,6-3 6-4,3,R32,89.0,9.0,0.0,54.0,36.0,30.0,6.0,10.0,0.0,2.0,2.0,1.0,69.0,40.0,21.0,14.0,9.0,7.0,11.0,28.0,1410.0,109.0,525.0
2019-0451,104607,104259,6-4 7-6(5),3,R32,102.0,6.0,1.0,73.0,43.0,33.0,17.0,11.0,1.0,2.0,3.0,4.0,73.0,42.0,33.0,14.0,11.0,2.0,4.0,71.0,715.0,34.0,1125.0
2019-0451,109739,105376,6-1 6-4,3,R32,55.0,8.0,0.0,48.0,34.0,30.0,8.0,9.0,2.0,2.0,6.0,4.0,50.0,27.0,19.0,10.0,8.0,4.0,7.0,74.0,706.0,59.0,855.0
2019-0451,105732,106233,6-3 7-5,3,R32,86.0,6.0,0.0,63.0,41.0,33.0,13.0,11.0,1.0,1.0,4.0,2.0,57.0,34.0,23.0,13.0,10.0,1.0,3.0,55.0,903.0,8.0,4095.0
2019-0451,105575,110602,6-4 6-3,3,Q1,92.0,3.0,1.0,58.0,34.0,19.0,18.0,9.0,3.0,5.0,2.0,5.0,88.0,53.0,29.0,15.0,10.0,5.0,10.0,116.0,507.0,140.0,387.0
2019-0451,103893,106325,6-1 6-0,3,Q1,60.0,6.0,3.0,41.0,18.0,15.0,14.0,7.0,0.0,0.0,1.0,5.0,52.0,35.0,16.0,6.0,6.0,5.0,10.0,109.0,525.0,,
2019-0451,104571,104586,6-0 7-6(3),3,Q1,86.0,9.0,3.0,69.0,34.0,29.0,19.0,9.0,3.0,3.0,3.0,3.0,63.0,39.0,25.0,12.0,9.0,3.0,6.0,124.0,460.0,142.0,383.0
2019-0451,104198,104868,7-6(6) 6-2,3,Q1,111.0,5.0,3.0,64.0,36.0,30.0,13.0,10.0,3.0,4.0,3.0,1.0,85.0,49.0,34.0,15.0,10.0,8.0,11.0,105.0,543.0,186.0,273.0
2019-0451,104660,126237,7-6(5) 7-5,3,Q1,95.0,3.0,2.0,80.0,55.0,43.0,12.0,12.0,2.0,3.0,2.0,5.0,71.0,41.0,32.0,17.0,12.0,4.0,6.0,134.0,424.0,226.0,222.0
2019-0451,105806,104897,6-3 6-3,3,Q1,68.0,1.0,1.0,51.0,29.0,21.0,14.0,9.0,0.0,1.0,5.0,3.0,64.0,37.0,22.0,12.0,9.0,8.0,12.0,87.0,636.0,130.0,440.0
2019-0451,105477,110476,6-0 6-1,3,Q1,41.0,3.0,1.0,38.0,30.0,23.0,6.0,7.0,0.0,0.0,0.0,2.0,35.0,26.0,9.0,2.0,6.0,2.0,7.0,123.0,463.0,,
2019-0451,109739,105063,3-6 6-2 6-3,3,Q1,99.0,12.0,0.0,67.0,49.0,39.0,11.0,13.0,1.0,3.0,1.0,2.0,86.0,46.0,29.0,22.0,13.0,6.0,10.0,74.0,706.0,176.0,297.0
2019-0451,105575,103893,6-4 7-6(4),3,Q2,114.0,5.0,1.0,79.0,47.0,36.0,19.0,11.0,4.0,5.0,2.0,0.0,84.0,59.0,42.0,8.0,11.0,5.0,7.0,116.0,507.0,109.0,525.0
2019-0451,104198,104571,4-6 6-2 6-4,3,Q2,129.0,2.0,0.0,92.0,54.0,36.0,24.0,14.0,3.0,5.0,5.0,3.0,80.0,50.0,36.0,14.0,14.0,5.0,9.0,105.0,543.0,124.0,460.0
2019-0451,104660,105806,3-6 6-2 6-3,3,Q2,93.0,8.0,5.0,72.0,45.0,40.0,11.0,13.0,1.0,2.0,7.0,3.0,79.0,51.0,35.0,16.0,13.0,4.0,7.0,134.0,424.0,87.0,636.0
2019-0451,109739,105477,4-6 6-4 7-5,3,Q2,132.0,5.0,3.0,103.0,75.0,57.0,15.0,16.0,7.0,8.0,8.0,3.0,102.0,56.0,38.0,27.0,16.0,0.0,2.0,74.0,706.0,123.0,463.0
2019-0891,104731,103333,7-6(4) 6-7(2) 7-6(5),3,F,164.0,21.0,6.0,104.0,65.0,57.0,26.0,18.0,0.0,0.0,36.0,4.0,118.0,83.0,74.0,16.0,18.0,8.0,8.0,6.0,4710.0,100.0,589.0
2019-0891,104731,104468,6-3 7-6(3),3,SF,108.0,21.0,2.0,86.0,54.0,43.0,14.0,11.0,9.0,10.0,1.0,0.0,56.0,34.0,26.0,10.0,10.0,0.0,2.0,6.0,4710.0,30.0,1370.0
2019-0891,103333,104327,7-6(3) 4-6 6-3,3,SF,115.0,33.0,4.0,89.0,58.0,52.0,17.0,16.0,1.0,2.0,3.0,2.0,95.0,80.0,57.0,8.0,15.0,5.0,6.0,100.0,589.0,,
2019-0891,104731,144719,6-3 6-3,3,QF,68.0,14.0,1.0,51.0,33.0,27.0,9.0,9.0,1.0,2.0,3.0,1.0,43.0,26.0,16.0,7.0,9.0,0.0,4.0,6.0,4710.0,81.0,663.0
2019-0891,104468,105332,3-6 7-6(4) 6-4,3,QF,139.0,4.0,4.0,104.0,74.0,54.0,13.0,15.0,8.0,11.0,11.0,12.0,119.0,64.0,48.0,23.0,16.0,9.0,12.0,30.0,1370.0,52.0,935.0
2019-0891,104327,104291,7-5 6-2,3,QF,93.0,1.0,0.0,65.0,42.0,27.0,16.0,10.0,3.0,4.0,6.0,0.0,56.0,22.0,17.0,14.0,10.0,1.0,5.0,,,45.0,1014.0
2019-0891,103333,105208,7-6(5) 7-6(5),3,QF,105.0,25.0,4.0,83.0,60.0,51.0,12.0,12.0,3.0,3.0,10.0,3.0,78.0,45.0,40.0,18.0,12.0,0.0,0.0,100.0,589.0,95.0,612.0
2019-0891,104731,111513,7-6(3) 7-6(6),3,R16,128.0,20.0,2.0,81.0,54.0,44.0,16.0,12.0,1.0,2.0,6.0,4.0,99.0,63.0,47.0,16.0,12.0,6.0,7.0,6.0,4710.0,93.0,621.0
2019-0891,144719,104620,7-5 6-0,3,R16,76.0,4.0,1.0,47.0,36.0,29.0,5.0,9.0,0.0,1.0,1.0,1.0,63.0,42.0,20.0,8.0,9.0,3.0,8.0,81.0,663.0,141.0,384.0
2019-0891,104468,125802,6-7(3) 6-2 6-1,3,R16,151.0,9.0,2.0,107.0,62.0,42.0,29.0,13.0,6.0,6.0,4.0,5.0,104.0,66.0,40.0,19.0,14.0,7.0,12.0,30.0,1370.0,91.0,622.0
2019-0891,105332,106210,6-4 6-2,3,R16,71.0,11.0,6.0,53.0,22.0,20.0,17.0,9.0,3.0,4.0,2.0,3.0,65.0,39.0,22.0,12.0,9.0,9.0,13.0,52.0,935.0,89.0,629.0
2019-0891,104327,111581,4-6 7-6(4) 6-2,3,R16,189.0,5.0,5.0,131.0,81.0,51.0,29.0,15.0,16.0,18.0,2.0,1.0,108.0,71.0,46.0,21.0,15.0,11.0,14.0,,,103.0,563.0
2019-0891,104291,106368,6-7(6) 7-6(5) 6-3,3,R16,166.0,6.0,6.0,143.0,78.0,59.0,29.0,16.0,8.0,10.0,20.0,8.0,112.0,77.0,56.0,15.0,17.0,5.0,9.0,45.0,1014.0,132.0,433.0
2019-0891,103333,105539,6-4 7-5,3,R16,72.0,17.0,2.0,51.0,36.0,31.0,13.0,11.0,0.0,0.0,8.0,3.0,68.0,35.0,28.0,16.0,11.0,2.0,4.0,100.0,589.0,97.0,594.0
2019-0891,105208,111202,7-6(2) 6-2,3,R16,98.0,8.0,1.0,63.0,32.0,23.0,16.0,10.0,1.0,4.0,0.0,3.0,62.0,35.0,16.0,15.0,10.0,3.0,8.0,95.0,612.0,25.0,1585.0
2019-0891,111513,111459,7-5 7-6(6),3,R32,103.0,8.0,2.0,70.0,43.0,37.0,16.0,12.0,2.0,3.0,6.0,1.0,93.0,61.0,40.0,18.0,12.0,7.0,9.0,93.0,621.0,392.0,37.0
2019-0891,104620,104797,6-4 6-4,3,R32,82.0,3.0,1.0,61.0,43.0,31.0,11.0,10.0,3.0,4.0,7.0,2.0,54.0,35.0,23.0,12.0,10.0,0.0,3.0,141.0,384.0,92.0,622.0
2019-0891,144719,105430,6-2 7-6(4),3,R32,103.0,4.0,1.0,78.0,58.0,39.0,10.0,10.0,9.0,10.0,1.0,4.0,68.0,42.0,26.0,13.0,10.0,5.0,8.0,81.0,663.0,98.0,592.0
2019-0891,125802,128034,6-7(9) 6-2 6-3,3,R32,138.0,2.0,7.0,110.0,64.0,48.0,31.0,15.0,6.0,6.0,9.0,3.0,99.0,67.0,49.0,14.0,14.0,3.0,6.0,91.0,622.0,86.0,636.0
2019-0891,106210,126156,4-6 6-4 6-4,3,R32,137.0,10.0,1.0,81.0,47.0,37.0,20.0,15.0,3.0,5.0,6.0,3.0,106.0,78.0,50.0,17.0,15.0,5.0,8.0,89.0,629.0,149.0,359.0
2019-0891,105332,106329,7-6(5) 6-3,3,R32,87.0,18.0,3.0,79.0,44.0,37.0,18.0,10.0,7.0,7.0,5.0,1.0,70.0,50.0,38.0,9.0,11.0,2.0,4.0,52.0,935.0,120.0,475.0
2019-0891,104327,106148,6-3 6-4,3,R32,93.0,6.0,2.0,66.0,39.0,25.0,16.0,10.0,5.0,7.0,3.0,6.0,56.0,32.0,22.0,8.0,9.0,1.0,5.0,,,73.0,714.0
2019-0891,111581,105432,7-5 6-3,3,R32,74.0,5.0,0.0,48.0,39.0,34.0,5.0,10.0,1.0,2.0,2.0,2.0,63.0,32.0,23.0,12.0,11.0,1.0,5.0,103.0,563.0,110.0,521.0
2019-0891,106368,104719,4-6 6-4 6-3,3,R32,117.0,9.0,6.0,90.0,64.0,49.0,13.0,15.0,1.0,3.0,3.0,2.0,81.0,61.0,41.0,11.0,14.0,1.0,4.0,132.0,433.0,96.0,598.0
2019-0891,105539,104665,6-3 5-7 7-6(6),3,R32,150.0,7.0,0.0,109.0,69.0,49.0,19.0,16.0,5.0,8.0,1.0,8.0,106.0,51.0,38.0,27.0,17.0,2.0,6.0,97.0,594.0,82.0,658.0
2019-0891,103333,200000,6-4 7-5,3,R32,74.0,13.0,1.0,55.0,34.0,29.0,15.0,11.0,0.0,0.0,7.0,3.0,56.0,39.0,30.0,9.0,11.0,0.0,2.0,100.0,589.0,108.0,527.0
2019-0891,105208,105155,6-4 4-6 6-4,3,R32,134.0,14.0,6.0,102.0,61.0,45.0,23.0,15.0,7.0,9.0,1.0,2.0,96.0,61.0,41.0,18.0,15.0,7.0,10.0,95.0,612.0,104.0,550.0
2019-0891,106078,104593,6-3 3-6 6-2,3,Q1,110.0,5.0,6.0,95.0,54.0,42.0,18.0,13.0,6.0,8.0,1.0,5.0,94.0,52.0,35.0,19.0,13.0,11.0,15.0,157.0,334.0,189.0,271.0
2019-0891,105031,105359,6-1 5-7 6-2,3,Q1,112.0,12.0,1.0,89.0,52.0,38.0,20.0,14.0,6.0,8.0,3.0,6.0,93.0,58.0,33.0,19.0,13.0,7.0,12.0,259.0,166.0,121.0,470.0
2019-0891,126156,105413,6-1 6-2,3,Q1,61.0,2.0,4.0,48.0,36.0,31.0,3.0,8.0,1.0,1.0,2.0,3.0,45.0,21.0,12.0,9.0,7.0,4.0,8.0,149.0,359.0,183.0,277.0
2019-0891,106329,104978,7-6(5) 7-5,3,Q1,92.0,4.0,5.0,71.0,48.0,40.0,12.0,12.0,2.0,3.0,1.0,3.0,68.0,39.0,31.0,14.0,12.0,0.0,2.0,120.0,475.0,182.0,278.0
2019-0891,104620,111790,6-3 7-6(5),3,Q1,95.0,2.0,0.0,65.0,40.0,30.0,19.0,11.0,0.0,0.0,9.0,5.0,71.0,44.0,30.0,15.0,10.0,2.0,3.0,141.0,384.0,172.0,303.0
2019-0891,124116,105074,5-7 6-3 6-1,3,Q1,101.0,9.0,7.0,84.0,45.0,34.0,19.0,14.0,5.0,8.0,8.0,7.0,88.0,53.0,34.0,13.0,14.0,4.0,10.0,179.0,285.0,117.0,496.0
2019-0891,106420,124154,6-1 6-1,3,Q1,54.0,3.0,1.0,39.0,26.0,23.0,7.0,7.0,1.0,1.0,0.0,2.0,50.0,25.0,13.0,8.0,7.0,3.0,8.0,155.0,343.0,295.0,126.0
2019-0891,200000,105656,6-7(2) 6-1 3-2 RET,3,Q1,115.0,15.0,2.0,75.0,54.0,38.0,14.0,12.0,1.0,2.0,7.0,4.0,92.0,53.0,35.0,15.0,12.0,7.0,11.0,108.0,527.0,220.0,225.0
2019-0891,105031,106078,6-4 6-7(4) 7-6(4),3,Q2,151.0,10.0,4.0,133.0,87.0,59.0,22.0,17.0,11.0,14.0,8.0,2.0,105.0,68.0,49.0,16.0,17.0,5.0,9.0,259.0,166.0,157.0,334.0
2019-0891,126156,106329,4-6 6-3 6-2,3,Q2,112.0,3.0,1.0,78.0,44.0,32.0,24.0,14.0,3.0,4.0,1.0,2.0,71.0,42.0,30.0,16.0,13.0,2.0,5.0,149.0,359.0,120.0,475.0
2019-0891,104620,124116,7-6(4) 7-5,3,Q2,121.0,3.0,3.0,86.0,59.0,42.0,16.0,12.0,2.0,3.0,5.0,0.0,85.0,53.0,39.0,15.0,12.0,10.0,12.0,141.0,384.0,179.0,285.0
2019-0891,200000,106420,7-5 6-3,3,Q2,88.0,10.0,4.0,82.0,58.0,43.0,12.0,11.0,5.0,5.0,1.0,0.0,56.0,36.0,22.0,14.0,10.0,2.0,4.0,108.0,527.0,155.0,343.0
2019-0301,105815,111815,6-4 6-2,3,F,78.0,7.0,2.0,62.0,37.0,28.0,13.0,9.0,4.0,5.0,7.0,2.0,59.0,39.0,23.0,11.0,9.0,8.0,12.0,63.0,814.0,93.0,616.0
2019-0301,111815,105526,7-5 4-6 6-3,3,SF,114.0,17.0,5.0,103.0,76.0,56.0,12.0,16.0,8.0,10.0,10.0,5.0,95.0,61.0,45.0,13.0,15.0,7.0,10.0,93.0,616.0,58.0,855.0
2019-0301,105815,104259,6-4 6-2,3,SF,71.0,9.0,0.0,47.0,33.0,31.0,7.0,9.0,3.0,3.0,0.0,2.0,59.0,36.0,24.0,10.0,9.0,5.0,8.0,63.0,814.0,34.0,1125.0
2019-0301,111815,126203,7-6(3) 6-3,3,QF,93.0,11.0,0.0,77.0,48.0,39.0,15.0,11.0,4.0,4.0,6.0,3.0,80.0,52.0,36.0,13.0,10.0,4.0,5.0,93.0,616.0,50.0,933.0
2019-0301,105526,105807,7-6(5) 6-7(6) 7-6(7),3,QF,179.0,22.0,3.0,125.0,80.0,66.0,20.0,18.0,2.0,4.0,6.0,2.0,148.0,104.0,72.0,23.0,18.0,13.0,15.0,58.0,855.0,24.0,1705.0
2019-0301,105815,104919,6-3 7-6(5),3,QF,93.0,11.0,1.0,66.0,41.0,34.0,15.0,11.0,0.0,0.0,3.0,0.0,69.0,40.0,27.0,18.0,10.0,6.0,7.0,63.0,814.0,54.0,895.0
2019-0301,104259,104926,6-3 6-1,3,QF,65.0,5.0,1.0,53.0,35.0,27.0,10.0,8.0,2.0,2.0,0.0,7.0,52.0,27.0,14.0,12.0,8.0,2.0,6.0,34.0,1125.0,13.0,2315.0
2019-0301,126203,104545,7-6(3) 7-6(5),3,R16,99.0,12.0,2.0,86.0,57.0,45.0,14.0,12.0,3.0,4.0,26.0,4.0,84.0,59.0,48.0,10.0,12.0,2.0,3.0,50.0,933.0,10.0,3155.0
2019-0301,111815,105311,7-6(5) 6-4,3,R16,93.0,6.0,2.0,73.0,54.0,42.0,12.0,11.0,6.0,6.0,9.0,1.0,68.0,45.0,34.0,13.0,11.0,0.0,1.0,93.0,616.0,44.0,1017.0
2019-0301,105807,103970,1-1 RET,3,R16,19.0,0.0,0.0,8.0,2.0,2.0,3.0,1.0,0.0,0.0,0.0,0.0,11.0,9.0,5.0,2.0,1.0,1.0,1.0,24.0,1705.0,124.0,460.0
2019-0301,105526,104907,6-2 6-1,3,R16,63.0,12.0,0.0,48.0,29.0,24.0,12.0,8.0,3.0,3.0,4.0,2.0,46.0,30.0,19.0,3.0,7.0,3.0,7.0,58.0,855.0,360.0,56.0
2019-0301,104919,126610,5-7 7-6(5) 6-3,3,R16,144.0,7.0,7.0,114.0,75.0,54.0,23.0,17.0,5.0,6.0,6.0,2.0,87.0,55.0,50.0,17.0,16.0,2.0,3.0,54.0,895.0,52.0,916.0
2019-0301,105815,106065,6-3 6-3,3,R16,56.0,13.0,0.0,47.0,35.0,31.0,6.0,9.0,0.0,0.0,4.0,1.0,49.0,35.0,23.0,6.0,9.0,3.0,6.0,63.0,814.0,18.0,1889.0
2019-0301,104259,200005,6-4 6-4,3,R16,72.0,3.0,0.0,43.0,30.0,28.0,12.0,10.0,0.0,0.0,4.0,3.0,61.0,37.0,25.0,12.0,10.0,6.0,8.0,34.0,1125.0,98.0,584.0
2019-0301,104926,105376,6-2 3-6 7-6(5),3,R16,124.0,5.0,4.0,105.0,73.0,51.0,15.0,14.0,7.0,10.0,10.0,6.0,98.0,52.0,38.0,22.0,15.0,5.0,9.0,13.0,2315.0,60.0,830.0
2019-0301,126203,105657,4-6 6-3 6-4,3,R32,98.0,12.0,4.0,88.0,52.0,46.0,18.0,15.0,5.0,6.0,10.0,2.0,78.0,47.0,37.0,16.0,14.0,5.0,7.0,50.0,933.0,61.0,823.0
2019-0301,111815,105332,6-3 6-2,3,R32,57.0,2.0,1.0,53.0,42.0,33.0,7.0,9.0,4.0,4.0,9.0,5.0,62.0,30.0,18.0,16.0,8.0,3.0,6.0,93.0,616.0,55.0,890.0
2019-0301,105311,133430,4-6 6-4 6-4,3,R32,140.0,3.0,3.0,105.0,62.0,41.0,18.0,15.0,8.0,12.0,11.0,8.0,112.0,71.0,44.0,21.0,15.0,11.0,16.0,44.0,1017.0,27.0,1440.0
2019-0301,103970,104898,6-2 6-1,3,R32,62.0,3.0,1.0,40.0,28.0,21.0,8.0,7.0,1.0,2.0,1.0,4.0,57.0,31.0,15.0,9.0,8.0,3.0,9.0,124.0,460.0,49.0,940.0
2019-0301,105526,111513,7-6(5) 2-0 RET,3,R32,65.0,0.0,5.0,53.0,27.0,21.0,13.0,7.0,3.0,4.0,3.0,3.0,50.0,31.0,19.0,10.0,7.0,3.0,5.0,58.0,855.0,91.0,621.0
2019-0301,104907,111202,7-5 6-3,3,R32,92.0,2.0,5.0,63.0,39.0,29.0,12.0,11.0,2.0,4.0,2.0,1.0,58.0,36.0,27.0,6.0,10.0,2.0,6.0,360.0,56.0,25.0,1585.0
2019-0301,104919,105449,7-5 6-3,3,R32,93.0,2.0,2.0,59.0,31.0,22.0,19.0,10.0,1.0,2.0,4.0,4.0,73.0,46.0,32.0,9.0,11.0,7.0,11.0,54.0,895.0,33.0,1190.0
2019-0301,126610,111456,6-3 6-4,3,R32,71.0,14.0,2.0,61.0,40.0,32.0,11.0,10.0,2.0,3.0,2.0,3.0,56.0,34.0,22.0,11.0,9.0,3.0,6.0,52.0,916.0,79.0,688.0
2019-0301,105815,109739,6-3 6-4,3,R32,75.0,6.0,1.0,66.0,35.0,25.0,18.0,10.0,4.0,6.0,2.0,0.0,50.0,31.0,18.0,11.0,9.0,2.0,6.0,63.0,814.0,70.0,732.0
2019-0301,200005,104655,7-5 6-1,3,R32,68.0,6.0,3.0,58.0,34.0,26.0,15.0,10.0,1.0,2.0,1.0,4.0,51.0,32.0,18.0,8.0,9.0,2.0,6.0,98.0,584.0,90.0,630.0
2019-0301,104259,105614,6-4 7-6(2),3,R32,89.0,0.0,1.0,61.0,35.0,27.0,18.0,11.0,0.0,1.0,2.0,3.0,62.0,34.0,25.0,17.0,11.0,4.0,6.0,34.0,1125.0,76.0,699.0
2019-0301,105376,105550,6-1 3-6 6-2,3,R32,93.0,6.0,8.0,90.0,44.0,29.0,25.0,12.0,5.0,7.0,8.0,1.0,68.0,43.0,28.0,12.0,12.0,6.0,11.0,60.0,830.0,66.0,790.0
2019-0301,111513,104547,7-5 6-2,3,Q1,69.0,9.0,2.0,56.0,34.0,27.0,15.0,10.0,1.0,1.0,3.0,4.0,56.0,33.0,22.0,13.0,10.0,0.0,3.0,91.0,621.0,182.0,280.0
2019-0301,111456,105047,6-2 7-6(5),3,Q1,78.0,11.0,1.0,61.0,44.0,34.0,12.0,10.0,2.0,2.0,10.0,2.0,73.0,43.0,29.0,15.0,10.0,4.0,6.0,79.0,688.0,337.0,68.0
2019-0301,104655,103565,6-3 6-2,3,Q1,49.0,14.0,1.0,48.0,30.0,23.0,11.0,9.0,0.0,1.0,2.0,7.0,43.0,21.0,13.0,8.0,8.0,4.0,8.0,90.0,630.0,198.0,254.0
2019-0301,105614,104667,7-6(2) 6-4,3,Q1,75.0,9.0,3.0,64.0,42.0,35.0,14.0,11.0,3.0,4.0,2.0,2.0,66.0,35.0,24.0,19.0,11.0,4.0,6.0,76.0,699.0,,
2019-0301,105341,110686,6-3 6-4,3,Q1,79.0,1.0,0.0,63.0,40.0,26.0,13.0,10.0,3.0,5.0,2.0,6.0,52.0,35.0,23.0,7.0,9.0,6.0,10.0,100.0,573.0,,
2019-0301,109739,109054,7-6(2) 6-1,3,Q1,71.0,3.0,1.0,56.0,36.0,27.0,13.0,10.0,1.0,2.0,5.0,4.0,57.0,33.0,22.0,8.0,9.0,2.0,5.0,70.0,732.0,258.0,173.0
2019-0301,105406,208055,3-6 7-6(5) 6-4,3,Q1,113.0,2.0,2.0,92.0,61.0,43.0,23.0,15.0,2.0,4.0,4.0,2.0,98.0,61.0,52.0,15.0,16.0,2.0,4.0,287.0,131.0,,
2019-0301,200005,105015,6-3 6-4,3,Q1,71.0,11.0,1.0,54.0,31.0,25.0,14.0,10.0,0.0,1.0,4.0,3.0,55.0,39.0,23.0,6.0,9.0,1.0,4.0,98.0,584.0,356.0,57.0
2019-0301,111456,111513,7-5 7-6(3),3,Q2,99.0,3.0,6.0,84.0,52.0,38.0,16.0,12.0,3.0,6.0,7.0,3.0,79.0,51.0,35.0,9.0,12.0,0.0,4.0,79.0,688.0,91.0,621.0
2019-0301,105614,104655,6-7(4) 7-6(3) 7-6(1),3,Q2,153.0,9.0,3.0,126.0,79.0,63.0,28.0,18.0,6.0,7.0,11.0,2.0,120.0,73.0,53.0,31.0,18.0,4.0,5.0,76.0,699.0,90.0,630.0
2019-0301,109739,105341,6-4 6-4,3,Q2,82.0,11.0,0.0,65.0,45.0,33.0,14.0,10.0,7.0,7.0,0.0,2.0,60.0,36.0,23.0,14.0,10.0,3.0,5.0,70.0,732.0,100.0,573.0
2019-0301,200005,105406,6-2 7-6(3),3,Q2,76.0,4.0,2.0,55.0,30.0,25.0,17.0,10.0,1.0,2.0,1.0,2.0,67.0,35.0,22.0,16.0,10.0,2.0,5.0,98.0,584.0,287.0,131.0
2019-M001,200282,104312,7-5 7-6(5),3,F,125.0,4.0,4.0,82.0,60.0,45.0,7.0,12.0,0.0,2.0,5.0,3.0,92.0,48.0,31.0,24.0,12.0,9.0,12.0,29.0,1253.0,37.0,1100.0
2019-M001,104312,106043,7-6(3) 6-4,3,SF,102.0,3.0,1.0,66.0,40.0,26.0,16.0,11.0,5.0,8.0,5.0,2.0,74.0,48.0,29.0,11.0,11.0,6.0,10.0,37.0,1100.0,19.0,1880.0
2019-M001,200282,104468,6-3 6-2,3,SF,94.0,1.0,0.0,62.0,35.0,27.0,18.0,9.0,5.0,5.0,0.0,3.0,58.0,38.0,22.0,9.0,8.0,2.0,5.0,29.0,1253.0,31.0,1210.0
2019-M001,104312,126774,4-6 6-4 6-4,3,QF,129.0,2.0,0.0,84.0,48.0,35.0,27.0,15.0,6.0,7.0,15.0,7.0,99.0,62.0,47.0,16.0,15.0,3.0,5.0,37.0,1100.0,15.0,2095.0
2019-M001,106043,106415,6-1 3-6 7-6(1),3,QF,108.0,7.0,1.0,75.0,46.0,38.0,17.0,14.0,0.0,2.0,5.0,0.0,87.0,64.0,42.0,11.0,14.0,3.0,6.0,19.0,1880.0,75.0,701.0
2019-M001,104468,105357,7-5 3-6 7-6(3),3,QF,162.0,2.0,1.0,90.0,60.0,42.0,17.0,16.0,5.0,9.0,5.0,0.0,119.0,78.0,49.0,22.0,17.0,8.0,12.0,31.0,1210.0,38.0,1083.0
2019-M001,200282,111442,7-6(4) 6-3,3,QF,114.0,2.0,0.0,75.0,50.0,35.0,13.0,11.0,4.0,7.0,2.0,3.0,61.0,43.0,24.0,8.0,10.0,3.0,7.0,29.0,1253.0,72.0,715.0
2019-M001,126774,105819,6-3 6-4,3,R16,74.0,8.0,1.0,56.0,38.0,28.0,10.0,10.0,0.0,1.0,4.0,4.0,49.0,27.0,18.0,12.0,9.0,2.0,5.0,15.0,2095.0,80.0,682.0
2019-M001,104312,105373,7-6(2) 6-2,3,R16,108.0,11.0,4.0,76.0,53.0,39.0,7.0,10.0,4.0,6.0,1.0,2.0,84.0,61.0,34.0,9.0,10.0,2.0,6.0,37.0,1100.0,40.0,1050.0
2019-M001,106043,104198,6-2 6-3,3,R16,69.0,1.0,3.0,44.0,22.0,18.0,14.0,8.0,0.0,1.0,2.0,3.0,57.0,37.0,19.0,9.0,9.0,7.0,12.0,19.0,1880.0,101.0,565.0
2019-M001,106415,126094,6-3 6-1,3,R16,64.0,1.0,1.0,63.0,43.0,28.0,11.0,8.0,5.0,6.0,3.0,8.0,47.0,25.0,14.0,7.0,8.0,4.0,9.0,75.0,701.0,84.0,655.0
2019-M001,105357,105916,6-3 6-4,3,R16,78.0,0.0,2.0,57.0,39.0,28.0,13.0,10.0,1.0,2.0,3.0,2.0,53.0,31.0,22.0,10.0,9.0,1.0,4.0,38.0,1083.0,35.0,1122.0
2019-M001,104468,105023,7-6(5) 6-7(6) 6-4,3,R16,133.0,5.0,0.0,111.0,77.0,61.0,14.0,17.0,6.0,9.0,22.0,5.0,102.0,64.0,55.0,14.0,17.0,1.0,5.0,31.0,1210.0,48.0,955.0
2019-M001,200282,124187,6-4 7-6(5),3,R16,93.0,3.0,1.0,60.0,33.0,29.0,19.0,11.0,0.0,0.0,17.0,3.0,76.0,47.0,37.0,14.0,11.0,6.0,7.0,29.0,1253.0,102.0,561.0
2019-M001,111442,106121,3-6 7-6(5) 6-0,3,R16,146.0,9.0,2.0,84.0,59.0,43.0,12.0,14.0,2.0,5.0,5.0,3.0,100.0,51.0,36.0,20.0,13.0,6.0,10.0,72.0,715.0,78.0,691.0
2019-M001,105819,105051,3-6 6-3 6-4,3,R32,132.0,7.0,5.0,93.0,53.0,39.0,20.0,14.0,4.0,6.0,11.0,6.0,89.0,55.0,43.0,14.0,14.0,6.0,9.0,80.0,682.0,47.0,981.0
2019-M001,105373,200615,7-6(4) 4-6 7-6(5),3,R32,161.0,3.0,2.0,114.0,61.0,48.0,28.0,17.0,3.0,5.0,5.0,1.0,111.0,70.0,52.0,26.0,17.0,4.0,5.0,40.0,1050.0,149.0,367.0
2019-M001,104312,104871,7-5 2-6 6-4,3,R32,111.0,9.0,5.0,95.0,48.0,40.0,19.0,15.0,10.0,14.0,12.0,6.0,79.0,43.0,28.0,19.0,15.0,1.0,5.0,37.0,1100.0,36.0,1120.0
2019-M001,104198,106045,7-5 6-4,3,R32,95.0,3.0,1.0,77.0,45.0,29.0,16.0,11.0,6.0,9.0,6.0,6.0,61.0,29.0,19.0,13.0,11.0,3.0,8.0,101.0,565.0,62.0,818.0
2019-M001,106415,105992,6-4 6-2,3,R32,71.0,2.0,0.0,47.0,31.0,22.0,15.0,9.0,2.0,2.0,6.0,4.0,67.0,39.0,26.0,13.0,9.0,8.0,11.0,75.0,701.0,81.0,660.0
2019-M001,126094,106298,6-2 6-3,3,R32,66.0,4.0,2.0,40.0,26.0,24.0,8.0,8.0,0.0,0.0,6.0,3.0,68.0,35.0,17.0,18.0,9.0,5.0,9.0,84.0,655.0,30.0,1245.0
2019-M001,105916,105902,3-6 6-3 6-4,3,R32,100.0,2.0,4.0,76.0,43.0,32.0,19.0,14.0,0.0,2.0,6.0,2.0,91.0,55.0,41.0,17.0,14.0,6.0,9.0,35.0,1122.0,238.0,206.0
2019-M001,105357,126207,4-6 7-6(5) 7-5,3,R32,159.0,12.0,3.0,110.0,62.0,47.0,22.0,17.0,1.0,5.0,15.0,5.0,109.0,66.0,50.0,17.0,17.0,4.0,8.0,38.0,1083.0,39.0,1080.0
2019-M001,105023,104291,6-1 4-1 RET,3,R32,51.0,8.0,1.0,26.0,17.0,17.0,7.0,6.0,0.0,0.0,0.0,6.0,46.0,25.0,14.0,8.0,6.0,8.0,12.0,48.0,955.0,42.0,1042.0
2019-M001,200282,105583,6-4 6-3,3,R32,81.0,2.0,1.0,62.0,38.0,30.0,12.0,10.0,2.0,3.0,4.0,1.0,59.0,38.0,28.0,7.0,9.0,4.0,7.0,29.0,1253.0,45.0,1010.0
2019-M001,124187,105077,6-3 6-4,3,R32,63.0,16.0,0.0,49.0,36.0,33.0,8.0,10.0,0.0,0.0,3.0,1.0,53.0,35.0,28.0,7.0,9.0,3.0,5.0,102.0,561.0,65.0,790.0
2019-M001,111442,105173,6-3 6-3,3,R32,78.0,6.0,1.0,70.0,46.0,31.0,15.0,9.0,7.0,7.0,1.0,0.0,50.0,36.0,18.0,12.0,9.0,0.0,3.0,72.0,715.0,41.0,1045.0
2019-M001,202429,201548,6-3 6-3,3,R32,90.0,2.0,2.0,62.0,34.0,26.0,15.0,9.0,1.0,2.0,2.0,6.0,71.0,47.0,26.0,10.0,9.0,8.0,12.0,27.0,1800.0,45.0,1127.0
2019-M001,201444,203389,7-6(4) 6-3,3,R32,100.0,1.0,3.0,76.0,45.0,33.0,16.0,11.0,4.0,6.0,4.0,3.0,75.0,39.0,26.0,18.0,10.0,6.0,9.0,28.0,1640.0,35.0,1319.0
2019-M001,201520,214544,6-1 7-5,3,R32,79.0,5.0,4.0,62.0,34.0,29.0,10.0,10.0,4.0,6.0,2.0,5.0,51.0,27.0,14.0,10.0,9.0,0.0,5.0,8.0,4630.0,11.0,3365.0
2019-M001,201490,201545,6-7(3) 6-4 6-4,3,R32,169.0,4.0,3.0,112.0,75.0,46.0,15.0,16.0,2.0,9.0,3.0,3.0,120.0,68.0,35.0,24.0,16.0,9.0,18.0,192.0,307.0,13.0,3160.0
2019-M001,201325,201495,3-6 6-3 6-4,3,R32,0.0,15.0,3.0,94.0,56.0,43.0,19.0,14.0,6.0,7.0,2.0,6.0,84.0,55.0,38.0,18.0,14.0,4.0,6.0,73.0,800.0,26.0,1805.0
2019-M001,211880,213583,6-3 7-6(4),3,R32,91.0,4.0,2.0,64.0,36.0,30.0,15.0,11.0,0.0,1.0,9.0,1.0,76.0,46.0,32.0,14.0,10.0,3.0,5.0,161.0,363.0,71.0,804.0
